2005|One medicine? Alder, Martin; Easton, Graham
2004|'One medicine' [Anonymous]
2004|'One medicine' [Anonymous]
2007|One world, one medicine [Anonymous]
2007|One world, one medicine [Anonymous]
1982|ONE WORLD - ONE MEDICINE HARRISON, TS
1977|ONE MEDICINE, ONE TOXICOLOGY OEHME, FW
2009|One Medicine for WSAVA [Anonymous]
1975|2 DISCIPLINES, ONE MEDICINE [Anonymous]
2007|Promoting one medicine among veterinary students Nolen, R. Scott; Hendrix, Charles M.
2018|Reflecting one medicine when describing medical fields Bell, Ford W.
1968|One medicine. Lechner, C B
2011|One Medicine Doesn't Fit All [Anonymous]
2006|One world, one health, one medicine Rezendes, Allison
2008|One-medicine approach hinges on local leadership and participation Kahler, Susan C.
2012|'One health, one medicine' and critical public health Green, Judith
1957|Of one medicine, nine surgeries. JOHNSTON, C G
2009|[ "One medicine - one health" and the veterinary medicine in Switzerland]. Zinsstag, Jakob; Schelling, Esther; Tanner, Marcel
2015|One Medicine One Science and policy. Sriramarao, P; Murtaugh, Michael P; Berger, Kavita; Travis, Dominic; Kennedy, Shaun; Steer, Clifford J; Cardona, Carol
1975|Editorial: Two disciplines, one medicine. [Anonymous]
1999|Some epistemological questions about world hypotheses, loving openness, truth, and one medicine. Kappauf, H W
2007|One world, one medicine Leslie, Norman W.
2013|Origins of 'one medicine' Woods, Abigail
2005|One medicine Burke, J
2012|One Medicine, One Health: Human and Veterinary Medicine Pharmacovigilance Node in the University Network in Uruguay Dib, A. R.; Romero, M. R.
1965|One medicine-human, dental, animal. Ravdin, I S
2015|Behavior, biological markers, interspecific outcome assessments, and One Medicine Overall, Karen L.
1998|One medicine Johnson, AE
1965|Dental medicine's role in 'one medicine'. Burket, L W
2007|One medicine--today's imperative. Hueston, William; Klausner, Jeffrey; Singleton, Stephan
2010|One Health: the small animal dimension [Anonymous]
2007|One medicine: an introduction. Gardner, Murray B
2008|One world, one health, one medicine Frank, Diane
2009|Where's the Mouse Pathology Training? Bouley, D.; Meyerholz, D.; Sellers, R.; Boyd, K.; La Perle, K.
1973|One medicine--human and veterinary. Cass, J
1971|There is but one medicine. Parish, L C; Schwartzman, R M
2003|Virchow revisited: Emerging zoonoses Brown, C
2013|Number of exposed drivers on the crash day by classification and number of medicines used.. Lagarde, Emmanuel; Orriols, Ludivine; Delorme, Bernard; Gadegbeku, Blandine; Tricotel, Aurore; Contrand, Benjamin; Laumon, Bernard; Salmi, Louis-Rachid
1962|One medicine for more than one world. SCHMIDT, C F
2014|Leon Saunders, William Osler and Rudolf Virchow: their contributions to veterinary pathology and "one medicine". Katz, Frank F
2015|'Together we go further' Swormink, Berrie Klein
2009|Health experts call for unified efforts to face climate issues. One medicine symposium focused on potential impact. Cima, Greg
2008|Teaching "One Medicine, One Health" Kahn, Laura H.; Kaplan, Bruce; Monath, Thomas P.; Steele, James H.
2015|Combatting the Myth of Neuropathology Baumgaertner, W.
1999|[One medicine]. Schweiger, C
2009|One Medicine, One Pathology, and the One Health concept Sundberg, John P.; Schofield, Paul N.
2013|One medicine: collaborative research on human & animal disease for the betterment of both. Franklin, Craig L
2013|ZOONOTIC DISEASE Rabies: beware of the dog Chatterjee, Subhankar; Riaz, Haris
2016|Research & development in the dark: what does it take to make one medicine? And what could it take? Reid, J.; Balasegaram, M.
2008|'One medicine-one pathology': are veterinary and human pathology prepared? Cardiff, Robert D.; Ward, Jerrold M.; Barthold, Stephen W.
2009|'One Medicine - One Health' at the School of Veterinary Medicine of the University of Pennsylvania - the first 125 years Hendricks, Joan; Newton, Charles D.; Rubenstein, Arthur
2007|Epilog: comparative medicine, one medicine and genomic pathology. Cardiff, Robert D
2017|From One Medicine to Two: The Evolving Relationship between Human and Veterinary Medicine in England, 1791-1835 Woods, Abigail
2013|Origins of 'one medicine' Jones, Bruce Vivash
2015|Comparative Medicine in the Twenty-First Century: Where are We Now and Where Do We Go from Here? Mobasheri, Ali
2014|History of One Health and One Medicine Jones, Ronald S.
2014|History of One Health and One Medicine Roberts, Ronald J.
2015|US Army Public Health: One Health, one medicine, one team. Burke, Ronald L; Taylor, Casmere H
2014|Origins of One Health and One Medicine Gibbs, Paul
2014|Origins of 'one medicine' Jones, Bruce Vivash
2015|Human and animal health on three continents-a biography of the early life of Karl Friedrich Meyer (1884-1974) Pospischil, Andreas
2011|The veterinary profession and one medicine: some considerations, with particular reference to Italy Battelli, Giorgio; Mantovani, Adriano
2007|Confronting zoonoses through closer collaboration between medicine and veterinary medicine (as 'one medicine'). Kahn, Laura H; Kaplan, Bruce; Steele, James H
2007|One world, one health, one medicine Mahr, Roger K.
2004|Keynote address: the calculus of disease - importance of an integrating mindset Schwabe, CW
2014|ONE HEALTH History of One Health and One Medicine Murray, Max; Holmes, Peter; Wright, Norman; Jarrett, Oswald; Kennedy, Peter G. E.
2007|A study on The excluding effect of retention  of Radix Aconiti as the viewpoint of Yoshimasu Todo (吉益東洞) 
2003|One medicine. Ojo, M. O.
2016|Re-emergence of neuroinfectiology Baumgaertner, Wolfgang; Loescher, Wolfgang
2009|'One Medicine - One Health' interview with Ronald M. Davist, MD, President of the American Medical Association, 14 May 2008 Kahn, Laura H.; Davis, Ronald M.
2009|One medicine: combining veterinary and medical expertise Morris, Arianwen
2010|ONE HEALTH INITIATIVE: A FOCUS FOR CROSS-SPECIES MEDICINE Woodall, Jack; Monath, Thomas P.; Kahn, Laura H.; Kaplan, Bruce
2015|Personalized- and One- Medicine: Bioinformatics Foundation in Health and its Economic Feasibility Stefano, George B.; Kream, Richard M.
2011|Paving the Road to One Health: Veterinary Medicine and Interprofessional Education Tkalcic, Suzana; Tegzes, John
2011|Medical device including a catheter providing wound evacuation and medicine dispensing features and related methods Hynes, Richard A.; Anonymous
2012|One Medicine, One Acupuncture. Robinson, Narda G
2005|Emerging zoonotic diseases: An opportunity to apply the concepts of nidality and one-medicine Herbold, John R.
2009|One World - One Medicine - One Health: emerging veterinary challenges and opportunities Osburn, B.; Scott, C.; Gibbs, P.
2009|Internet Pharmacies and Counterfeit Drugs Schweim, Janna K.; Schweim, Harald G.
2007|Medicine - Initiative aims to merge animal and human health science to benefit both Enserink, Martin
2014|Toward One Health: are public health stakeholders aware of the field of animal health? Dorea, Fernanda C; Dupuy, Celine; Vial, Flavie; Reynolds, Tera L; Akkina, Judy E
2015|Enabling Academic One Health Environments Buntain, Bonnie; Allen-Scott, Lisa; North, Michelle; Rock, Melanie; Hatfield, Jennifer
2012|[Glucosamine preparations on the Belgian market: a comparative study]. Fierens, C; Corthout, J
2016|One Medicine, One Health, One World Gyles, Carlton
1997|Homeopathy: Application in older persons Gutierrez Munoz, J. A.
2015|Spread of antibiotic resistant bacteria from food of animal origin to humans and vice versa Kirbis, Andrej; Krizman, Manja
2015|Advancing One Health Policy and Implementation Through the Concept of One Medicine One Science. Cardona, Carol; Travis, Dominic A; Berger, Kavita; Coat, Gwenaele; Kennedy, Shaun; Steer, Clifford J; Murtaugh, Michael P; Sriramarao, P
2009|Evolution of a transdisciplinary "One Medicine-One Health" approach to global health education at the University of California, Davis Conrad, Patricia A.; Mazet, Jonna A.; Clifford, Deana; Scott, Cheryl; Wilkes, Michael
2009|'One Health' in Action Series: Nos 1-8 Kahn, Laura H.; Kaplan, Bruce; Monath, Thomas P.
2017|The Scope of Big Data in One Medicine: Unprecedented Opportunities and Challenges. McCue, Molly E; McCoy, Annette M
2014|Electronic pill comprising a medicine reservoir Dijksman, Johan Frederik; Anonymous; Pierik, Anke; Shimizu, Jeff; Zou, Hans
2013|A is for aphorism Koh, Chee
2007|Sea otters in a dirty ocean Jessup, David A.; Miller, Melissa A.; Kreuder-Johnson, Chris; Conrad, Patricia A.; Tinker, M. Timothy; Estes, James; Mazet, Jorma A. K.
1997|[Elements of medical scholasticism in The Secrets of Alex of Piemont]. Bela, Z
2015|Influence of organizational culture on participatory management in health organizations Garcia, Alessandra Bassalobre; Maziero, Vanessa Gomes; Rossi Rocha, Fernanda Ludmilla; Bernardes, Andrea; Gabriel, Carmen Silvia
2010|One health, one medicine: Tackling the challenge of emerging diseases Ahmed, J. S.; Sparagano, O.; Seitzer, U.
2014|History of One Health and One Medicine Palmer, A. C.
2009|THE IMPACT OF SEGMENTATION AND BRAND MANAGEMENT: EVIDENCE FROM PHARMACEUTICALS INDUSTRY Duzcu, Tuba; Kurt, Dogus
2008|One Medicine, one university: The DVM/MPH program at the University of Illinois Herrmann, John A.; Hershow, Ronald C.
1981|DO WE NEED AN ALTERNATIVE MEDICINE OEPEN, I
2008|The Combined Master of Public Health program at Tufts University Lindenmayer, Joann M.; Schlaff, Anthony L.
2007|Rabies - the need for a 'one medicine' approach Fooks, A. R.
2013|Cobalamin deficiency states: A fine example of the One Medicine concept Kook, Peter Hendrik
1995|[Anxiety-depressive neurosis in ambulatory treatment conditions]. Ros, L T
2015|One Medicine One Science and policy Sriramarao, P.; Murtaugh, Michael P.; Berger, Kavita; Travis, Dominic; Kennedy, Shaun; Steer, Clifford J.; Cardona, Carol
2010|Carbon isotope composition of CO2 at Cascade Arc volcanoes Evans, W. C.; Mariner, R. H.; Bergfeld, D.; Revesz, K. M.; McGeehin, J. P.
2004|"One medicine" for animal and human health Potter, P
2013|Unlicensed and off-label use of medicines in children admitted to the intensive care units of a hospital in Malaysia Lee, Jian Lynn; Redzuan, Adyani Md; Shah, Noraida Mohamed
2010|Broadening our perspectives as physicians: one world-one medicine-one health Dedmon, Robert E.
2010|Caring about rabies A deadly, neglected disease Malerczyk, Claudius
2014|Toward stronger theory in critical public health: insights from debates surrounding posthumanism Rock, Melanie J.; Degeling, Chris; Blue, Gwendolyn
2010|[The results of the baseline therapy of the rheumatoid arthritis]. Belevitin, A B; Tyrenko, V V; Grigor'eva, O A
2016|Assessing medication packaging and labelling appropriateness in Sri Lanka. Athuraliya, N; Walkom, E J; Dharmaratne, S; Robertson, J
2009|"One Health" - The potential of closer collaboration between human and animal health Tanner, Marcel; Zinsstag, Jakob
2009|The brewing storm Kaplan, Bruce; Kahn, Laura H.; Monath, Thomas P.
2004|Veterinary medicine protecting and promoting the public's health and well-being Pappaioanou, M
2014|One Medicine One Science: a framework for exploring challenges at the intersection of animals, humans, and the environment Travis, Dominic A.; Sriramarao, P.; Cardona, Carol; Steer, Clifford J.; Kennedy, Shaun; Sreevatsan, Srinand; Murtaugh, Michael P.
1991|CONSUMPTION OF MEDICINES IN A POPULATION OF CHILDREN AND ADOLESCENTS LAPEYREMESTRE, M; LEBRETBORIES, E; CHARLET, JP; MONTASTRUC, JL; MONTASTRUC, P
2011|From "one medicine" to "one health" and systemic approaches to health and well-being Zinsstag, J.; Schelling, E.; Waltner-Toews, D.; Tanner, M.
1998|Management of chronic psychotic ambulatory outpatients Petty, RG
2015|The design of multitarget ligands for chronic and neuropathic pain Dvoracsko, Szabolcs; Stefanucci, Azzurra; Novellino, Ettore; Mollica, Adriano
1998|From cell to cageside: autonomic influences on cardiac rhythms in the dog Moise, NS
2006|Medicine use by Finnish female conscripts during voluntary military service Linden, Kari; Jormanainen, Vesa; Pietila, Kirsi; Sahi, Timo
1993|Three-dimensional treatment planning: Evaluations for clinical integration Gademann, G.; Schlegel, W.; Buerkelbach, J.; Laier, C.; Behrens, S.; Brieger, S.; Wannenmacher, M.
2009|Disease Reporting and Surveillance: Where Do Companion Animal Diseases Fit In? Moore, George E.; Lund, Elizabeth
2005|Correlates of medication knowledge and adherence: Findings from the Residency Research Network of South Texas Burge, S; White, D; Bajorek, E; Bazaldua, O; Trevino, J; Albright, T; Wright, F; Cigarroa, L
2015|Cats, Cancer and Comparative Oncology. Cannon, Claire M
2016|[Medicines and oral healthcare 1. What oral healthcare providers need to know about medicines]. Vissink, A; de Baat, C
2014|Annals Reports, Vol 1334 
2009|[Strategy of molecular drug design: dual-target drug design]. Guo, Zong-ru
2016|An Analysis of the Combination Frequencies of Constituent Medicinal Herbs in Prescriptions for the Treatment of Stroke in Korean Medicine: Determination of a Group of Candidate Prescriptions for Universal Use. Yun, Byeong Cheol; Pae, Seung Bin; Han, Yoo Kyoung; Choi, Moo Jin; Choi, Byung Tae; Shin, Hwa Kyoung; Baek, Jin Ung
1984|EFFERVESCENT METOCLOPRAMIDE AND ASPIRIN (MIGRAVESS) VERSUS EFFERVESCENT ASPIRIN OR PLACEBO FOR MIGRAINE ATTACKS - A DOUBLE-BLIND-STUDY TFELTHANSEN, P; OLESEN, J
2018|Quantitative Outcomes of a One Health approach to Study Global Health Challenges. Falzon, Laura C; Lechner, Isabel; Chantziaras, Ilias; Collineau, Lucie; Courcoul, Aurelie; Filippitzi, Maria-Eleni; Laukkanen-Ninios, Riikka; Peroz, Carole; Pinto Ferreira, Jorge; Postma, Merel; Prestmo, Pia G; Phythian, Clare J; Sarno, Eleonora; Vanantwerpen, Gerty; Vergne, Timothee; Grindlay, Douglas J C; Brennan, Marnie L
2015|Integrated Rabies Control Lechenne, Monique; Miranda, Mary Elizabeth; Zinsstag, Jakob
2016|The new EU regulation on in vitro diagnostics: potential issues at the interface of medicines and companion diagnostics Enzmann, Harald; Meyer, Ralf; Broich, Karl
2009|[A questionnaire survey targeting pharmacists and health care professionals involved in home care]. Nakamura, Yoshio; Watanabe, Mutsuko; Tawara, Chie; Ueno, Ryoko; Takemoto, Yuji; Adegawa, Hiroki; Hirao, Akiko; Fujikawa, Eiichi; Iwade, Nobuyuki; Kushida, Kazuki
2006|Pharmacologic treatment of obesity Sidhaye, Aniket; Cheskin, Lawrence J.
2008|A Resolution by the Society for Tropical Veterinary Medicine in Support of "One Health" Bokma, Bob Henry; Gibbs, Edward Paul Johnson; Aguirre, Alfredo Alonso; Kaplan, Bruce
2013|Case Study of Universal Design in Chinese Medicine- focusing on the brand names for the visually impaired - Nam, Yong-Hyun
2012|Use of medicines with unknown fetal risk among parturient women from the 2004 Pelotas Birth Cohort (Brazil). Bertoldi, Andrea Damaso; da Silva Dal Pizzol, Tatiane; Camargo, Aline Lins; Barros, Aluisio J D; Matijasevich, Alicia; Santos, Ina S
1994|[User knowledge and attitude in relation to drug use for pain, fever or inflammation]. Montano Alonso, A; Torello Iserte, J; Castillo Ferrando, J R; Cayuela Dominguez, A; Moreno Gallego, I; Fernandez Diez, P
2014|One medicine - one health - one biology and many proteins: proteomics on the verge of the One Health approach Roncada, Paola; Modesti, Alessandra; Timperio, Anna Maria; Bini, Luca; Castagnola, Massimo; Fasano, Mauro; Urbani, Andrea
2015|Migration: Wall to Wall? 
2006|Integrative oncology in North America. Sagar, Stephen M
2014|One health, many histories Woods, Abigail; Bresalier, Michael
2010|The literary expression of disease and emotion of Gwon Geun(權近) 
2008|Epidemiology, ethics and managing risks for physiological and behavioural stability of animals during long distance transportation. Adams, David B; Thornber, Peter M
2003|Polypharmacy and medication adherence in patients with type 2 diabetes Grant, RW; Devita, NG; Singer, DE; Meigs, JB
2015|Theoretical Issues of One Health Zinsstag, Jakob; Waltner-Toews, David; Tanner, Marcel
2009|Central nervous system tuberculosis and adjuvant corticosteroid therapy. Rahman, M L; Basher, A; Rashid, M; Islam, M; Kuddus, R; Arif, S M; Faiz, M A
2016|An Analysis of the Combination Frequencies of Constituent Medicinal Herbs in Prescriptions for the Treatment of Stroke in Korean Medicine: Determination of a Group of Candidate Prescriptions for Universal Use Yun, Byeong Cheol; Bin Pae, Seung; Han, Yoo Kyoung; Choi, Moo Jin; Choi, Byung Tae; Shin, Hwa Kyoung; Baek, Jin Ung
2005|Advertising of medicines on New Zealand television. Norris, Pauline; Nelson, Lucy; Ling, Koal Lin; Skellett, Lucy; Hoo, Joyce; Va'ai, Cecilia; Gates, Amber
1927|What is Comparative Medicine? Bradley, O C
2002|Crushing or altering medications: what's happening in residential aged-care facilities? Paradiso, L. M.; Roughead, E. E.; Gilbert, A. L.; Cosh, D.; Nation, R. L.; Barnes, L.; Cheek, J.; Ballantyne, A.
2017|Who or what is 'the public' in critical public health? Reflections on posthumanism and anthropological engagements with One Health Rock, Melanie J.
2016|Increased frequency and changed methods in the treatment of sea lice (Lepeophtheirus salmonis) in Scottish salmon farms 2005-2011 Murray, Alexander G.
2016|Current opinion on maximizing veterinary profession growth and contributions Nevimanapalli, R.; Donapaty, S. R.
2011|Cancer in Beluga Whales from the St. Lawrence Estuary, Quebec, Canada: A Case of "One Health, One Medicine". Martineau, D.; Lair, S.
2009|'One World - One Health' and the global challenge of epidemic diseases of viral aetiology Gibbs, E. Paul J.; Anderson, Tara C.
2017|Women's questions about medicines in pregnancy - An analysis of calls to an Australian national medicines call centre Pijpers, Eva L.; Kreijkamp-Kaspers, Sanne; McGuire, Treasure M.; Deckx, Laura; Brodribb, Wendy; van Driel, Mieke L.
2017|The science behind One Health: at the interface of humans, animals, and the environment Murtaugh, Michael P.; Steer, Clifford J.; Sreevatsan, Srinand; Patterson, Ned; Kennedy, Shaun; Sriramarao, P.
2009|Strategy of molecular drug design: dual-target drug design Guo Zong-ru
2009|Update on Genomics in Veterinary Oncology Breen, Matthew
2016|Physical activity, screen time, and use of medicines among adolescents: the 1993 Pelotas (Brazil) birth cohort study Bergmann, Gabriel Gustavo; Bertoldi, Andrea Damaso; Mielke, Gregore Iven; Camargo, Aline Lins; Matijasevich, Alicia; Hallal, Pedro Curi
2012|Researches on Veterinary Medicine in Turkey: III. Views and Expectations on Job Opportunities and Cross-sectoral Orientations Ozen, Abdullah; Dogan, Ozlem; Gul, Raziye Tamay Basagac; Ozkul, Turel; Yuksel, Erhan
2012|In memoriam: Adriano Mantovani, DVM, 1926-2012. One of the world's most prominent contributors to veterinary public health and a committed advocate of the importance of One Medicine. [Anonymous]
2015|Anticholinergic burden in older women: not seeing the wood for the trees? Parkinson, Lynne; Magin, Parker J.; Thomson, Allison; Byles, Julie E.; Caughey, Gillian E.; Etherton-Beer, Christopher; Gnjidic, Danijela; Hilmer, Sarah N.; Lo, Thomas King Tong; McCowan, Colin; Moorin, Rachael; Pond, C. Dimity
2015|Postpartum women's use of medicines and breastfeeding practices: a systematic review Saha, Moni R.; Ryan, Kath; Amir, Lisa H.
2017|[Exploration on an overview of history (from Chunqiu to Ming and Qing Dynasties) and species of Chinese exotic traditional medicine]. Jia, Min-Ru; Wang, Tian-Tian; Lu, Xiao-Lin; Ma, Yu-Ying
2012|Hospitalised neonates in Estonia commonly receive potentially harmful excipients Lass, Jana; Naelapaa, Kaisa; Shah, Utpal; Kaeaer, Ruth; Varendi, Heili; Turner, Mark A.; Lutsar, Irja
2017|Designing multi-targeted agents: An emerging anticancer drug discovery paradigm Fu, Rong-geng; Sun, Yuan; Sheng, Wen-bing; Liao, Duan-fang
2009|Towards a 'One Health' research and application tool box Zinsstag, Jakob; Schelling, Esther; Bonfoh, Bassirou; Fooks, Anthony R.; Kasymbekov, Joldoshbek; Waltner-Toews, David; Tanner, Marcel
2017|Psychotropic drugs prescription in undocumented migrants and indigent natives in Italy Cerri, Cesare; Fiorini, Gianfrancesco; Bini, Silvia; Rigamonti, Antonello E.; Marazzi, Nicoletta; Sartorio, Alessandro; Cella, Silvano G.
2017|The Role of Biosimilars in Patient Access to Therapeutic Antibodies for Immune Mediated Inflammatory Diseases Chapman, Mary Ann; Charles, David; Loaiza-Bonilla, Arturo
2009|Validation of a questionnaire to assess patient knowledge of their medicines Garcia Delgado, Pilar; Gastelurrutia Garralda, Miguel Angel; Baena Parejo, Maria Isabel; Fisac Lozano, Federico; Martinez Martinez, Fernando
2014|Successful vaccines for naturally occurring protozoal diseases of animals should guide human vaccine research. A review of protozoal vaccines and their designs Mcallister, Milton M.
2015|Effect of dendritic cell vaccine therapy on lymphocyte subpopulation in refractory primary brain tumor Niu, J.; Chang, Y.; Lu, X.; Wu, X.; Pang, Y.
2008|Human and veterinary medicine: the priority for public health synergies. Mantovani, Adriano
2017|A framework for One Health research Lebov, J.; Grieger, K.; Womack, D.; Zaccaro, D.; Whitehead, N.; Kowalcyk, B.; MacDonald, P. D. M.
2009|Considerations on the use of oxymorphone in geriatric patients Pergolizzi, Joseph V., Jr.; Raffa, Robert B.; Gould, Errol
2009|Study of internal consistency and factor structure of three versions of the Zung's rating instrument for anxiety disorders De La Ossa, Susana; Martinez, Yuleima; Herazo, Edwin; Campo, Adalberto
2008|An Investigation on the Eating Status and ExpA Study on Opinion of Korean Feminine Seniors on the Life Support Appliances for Healthy Ageing - Medication Dispenser, Video Phone, Activity Monitor Steggell, Carmen D.; Kim, Sun Joong; Ok, Park Kyoung
2013|The role of discounts and loss leaders in medicine procurement in Austrian hospitals - a primary survey of official and actual medicine prices. Vogler, Sabine; Zimmermann, Nina; Habl, Claudia; Mazag, Jan
2016|Interchangeability among reference insulin analogues and their biosimilars: regulatory framework, study design and clinical implications Dowlat, H. A.; Kuhlmann, M. K.; Khatami, H.; Ampudia-Blasco, F. J.
2006|[Who monitors patients treated with psychotropic drugs in primary care?]. Lopez-Peig, C; Serrano-Fuentes, R M; Valverde-Trillo, A; Casabella-Abril, B; Mundet-Tuduri, X
2015|A Physician's View of One Health: Challenges and Opportunities. Natterson-Horowitz, Barbara
2007|Survey of drugs use during public-health campaigns in Ribeirao Preto (Brazil) Dewulf, N. L. S.; Costa, M. L., Jr.; Santos, V
1995|[Analysis of repeat prescriptions in chronic treatments at a health center]. Castillo Alonso, P; Garcia Olmos, L; Barrios Encinas, M; de Pablos Arribas, F; Villar Herguedas, C; de la Cuesta Benjumea, A
2014|The benefits of 'One Health' for pastoralists in Africa. Greter, Helena; Jean-Richard, Vreni; Crump, Lisa; Bechir, Mahamat; Alfaroukh, Idriss O; Schelling, Esther; Bonfoh, Bassirou; Zinsstag, Jakob
2017|Prevalence and associated factors of self-medication in adults living in the Federal District, Brazil: a cross-sectional, population-based study Faria Domingues, Paulo Henrique; Galvao, Tais Freire; Cordeiro de Andrade, Keitty Regina; Araujo, Paula Caetano; Silva, Marcus Tolentino; Pereira, Mauricio Gomes
2016|Enhancing the possibilities of Fe-57 Mossbauer spectrometry to the study of chemical and physical properties of iron in medicines Arredondo, P. I. S.; Barrero, C. A.; Garcia, K. E.; Greneche, J. M.
2013|One Health: Its Origins and Future Atlas, Ronald M.
2009|The Need for Veterinarians in Biomedical Research Rosol, Thomas J.; Moore, Rustin M.; Saville, William J. A.; Oglesbee, Michael J.; Rush, Laura J.; Mathes, Lawrence E.; Lairmore, Michael D.
2009|A Public-Policy Practicum to Address Current Issues in Human, Animal, and Ecosystem Health Herrmann, John A.; Johnson, Yvette J.; Troutt, H. Fred; Prudhomme, Thomas
2010|Focusing on neglected zoonoses [Anonymous]
2000|Only one medicine: the future of comparative medicine and clinical research Michell, A
2017|Impact of medication review, within a shared decision-making framework, on deprescribing in people living in care homes Baqir, Wasim; Hughes, Julian; Jones, Tania; Barrett, Steven; Desai, Nisha; Copeland, Richard; Campbell, David; Laverty, Annie
2016|Effects of the pharmacotherapeutical follow-up in a community pharmacy on aged patients with multiple medications Martinez Lopez, L. A.
2014|Setting the One Health Agenda and the Human-Companion Animal Bond Takashima, Gregg K.; Day, Michael J.
2002|Medicine safety storage system Gainey, Kathy S.
2015|Policies on pets for healthy cities: a conceptual framework Rock, Melanie J.; Adams, Cindy L.; Degeling, Chris; Massolo, Alessandro; McCormack, Gavin R.
1993|[Self-perceived health, the use of services and drug consumption in a noninstitutionalized older population]. Gomez Peligros, A; Varona Lopez, W; Alonso Atienza, M C; Garcia Jimeno, L; Menendez Obregon, J
2016|Misuse of prescription and over-the-counter medicines in South London nightclubs Chan, Wui Ling; Wood, David M.; Dargan, Paul I.
2011|Evolution of Infectious Agents in Relation to Sex 
2014|The benefits of 'One Health' for pastoralists in Africa Greter, Helena; Jean-Richard, Vreni; Crump, Lisa; Béchir, Mahamat; Alfaroukh, Idriss O; Schelling, Esther; Bonfoh, Bassirou; Zinsstag, Jakob
2014|Detection of Potential Drug-Drug Interactions for Outpatients across Hospitals Yeh, Yu-Ting; Hsu, Min-Hui; Chen, Chien-Yuan; Lo, Yu-Sheng; Liu, Chien-Tsai
2017|Team science and the physician-scientist in the age of grand health challenges Steer, Clifford J.; Jackson, Peter R.; Hornbeak, Hortencia; McKay, Catherine K.; Sriramarao, P.; Murtaugh, Michael P.
2017|The Role of Biosimilars in Patient Access to Therapeutic Antibodies for Immune Mediated Inflammatory Diseases. Chapman, Mary Ann; Charles, David; Loaiza-Bonilla, Arturo
1967|Symposium on animal models in the study of gastrointestinal diseases of man. Comparative gastroenterology in veterinary medicine: an introduction. Cornelius, C E
2014|The evolution of One Health: a decade of progress and challenges for the future Gibbs, E. Paul J.
2009|Tuberculosis: a re-emerging disease in animals and humans Thoen, Charles O.; LoBue, Philip A.; Enarson, Donald A.; Kaneene, John B.; de Kantor, Isabel N.
2007|Analysis of yearly variations in drug expenditure for one patient using data warehouse in a hospital Chen, Yufeng; Matsumura, Yasushi; Nakagawa, Katsuhiko; Ji, Shanmei; Nakano, Hirohiko; Teratani, Tadamasa; Zhang, Qiyan; Mineno, Takahiro; Takeda, Hiroshi
2014|A qualitative study to explore how patients identify and assess symptoms as adverse drug reactions Chaipichit, Nataporn; Krska, Janet; Pratipanawatr, Thongchai; Uchaipichat, Verawan; Jarernsiripornkul, Narumol
2010|Interspecies Allometric Scaling Hunter, Robert P.
2000|The Po River delta epidemiological study: Use of medicines in a general population sample of North Italy Simoni, M; Pedreschi, M; Baldacci, S; Pistelli, F; Carrozzi, L; Sapigni, T; Viegi, G
2009|Medicine access and utilization in a population covered by primary health care in Brazil Bertoldi, Andrea Damaso; Dornellas de Barros, Aluisio Jardim; Wagner, Anita; Ross-Degnan, Dennis; Hallal, Pedro Curi
2016|One Health training, research, and outreach in North America Stroud, Cheryl; Kaplan, Bruce; Logan, Jenae E.; Gray, Gregory C.
2009|Proton-pump inhibitors and the risk of antibiotic use and hospitalisation for pneumonia Roughead, Elizabeth E.; Ramsay, Emmae N.; Pratt, Nicole L.; Ryan, Philip; Gilbert, Andrew L.
2007|Risk behaviors for disease transmission among petting zoo attendees McMillian, Marcy; Dunn, John R.; Keen, James E.; Brady, Karen L.; Jones, Timothy F.
1999|Prevalence of use of medicines during pregnancy and its relationship to maternal factors Gomes, KRO; Moron, AF; Silva, RDE; de Siqueira, AAF
1999|The use of latanoprost 0.005% once daily to simplify medical therapy in patients with primary open-angle glaucoma or ocular hypertension Smith, SL; Pruitt, CA; Sine, CS; Hudgins, AC; Stewart, WC
2009|HYPERTENSION AND COMMON COMPLICATIONS - ANALYSIS OF THE AMBULATORY TREATMENT COST Ivanova, Anna D.; Petrova, Guenka I.
2017|Medicine use practices in management of symptoms of acute upper respiratory tract infections in children (<= 12 years) in Kampala city, Uganda Ocan, Moses; Aono, Mary; Bukirwa, Clare; Luyinda, Emmanuel; Ochwo, Cathy; Nsambu, Elastus; Namugonza, Stella; Makoba, Joseph; Kandaruku, Enock; Muyende, Hannington; Nakawunde, Aida
2016|Clinical epidemiology and resistance mechanisms of carbapenem-resistant Acinetobacter baumannii, French Guiana, 2008-2014 Mahamat, Aba; Bertrand, Xavier; Moreau, Brigitte; Hommel, Didier; Couppie, Pierre; Simonnet, Christine; Kallel, Hatem; Demar, Magalie; Djossou, Felix; Nacher, Mathieu
2017|The UK Pharmacy Care Plan service: Description, recruitment and initial views on a new community pharmacy intervention Twigg, Michael J.; Wright, David; Kirkdale, Charlotte L.; Desborough, James A.; Thornley, Tracey
2010|[Taking medicine during pregnancy in females living in Buenos Aires, Argentina]. Marin, Gustavo Horacio; Canas, Martin; Homar, Cecilia; Aimetta, Corina; Orchuela, Jimena
2017|Zoonotic diseases: who gets sick, and why? Explorations from Africa Dzingirai, Vupenyu; Bett, Bernard; Bukachi, Sally; Lawson, Elaine; Mangwanya, Lindiwe; Scoones, Ian; Waldman, Linda; Wilkinson, Annie; Leach, Melissa; Winnebah, Tom
2015|Prevalence of Bartonella henselae in Pet and Stray Cats from the Aspect of Public Health: A Research Sample in the Concept of One Medicine - One Health Maden, Mehmet; Dogan, Mehmet; Altintas, Gozde; Yildiz, Esref E.; Ekik, Mehmet; Ince, Mehmet E.; Kose, Serkan Irfan
2015|Medicine use and safety while breastfeeding: investigating the perspectives of community pharmacists in Australia de Ponti, Martine; Stewart, Kay; Amir, Lisa H.; Hussainy, Safeera Y.
2016|Traditional Japanese medicines inhibit compound action potentials in the frog sciatic nerve Matsushita, Akitomo; Fujita, Tsugumi; Ohtsubo, Sena; Kumamoto, Eiichi
1987|ACTUAL VERSUS REPORTED BENZODIZEPINE USAGE BY MEDICAL OUTPATIENTS OCHS, HR; MILLER, LG; GREENBLATT, DJ; SHADER, RI
2012|The impact of medication on vitamin D status in older individuals Sohl, E.; van Schoor, N. M.; de Jongh, R. T.; de Vries, O. J.; Lips, P.
2017|Use of medical services and medicines attributable to type 2 diabetes care in Yaounde, Cameroon: a cross-sectional study. Mapa-Tassou, Clarisse; Fezeu, Leopold K; Njoumemi, Zakariaou; Lontchi-Yimagou, Eric; Sobngwi, Eugene; Mbanya, Jean Claude
2014|An investigation for people with mental disorders regarding their learning-recalling-pronunciation of medicine brand names Yildiz, Mustafa; Bosgelmez, Sukriye; Cakir, Ugur; Yazici, A. Bulent; Turgut, Celaleddin; Yazici, Esra; Ay, Burcu
2014|Public health issues related to zoonoses in wildlife and farmed game Vagsholm, Ivar
1986|BULL SEMEN AND MUSCLE ATP - SOME EVIDENCE OF THE DAWN OF MEDICAL SCIENCE IN ANCIENT-EGYPT SCHWABE, CW
2013|On Not Knowing Zoonotic Diseases: Pastoralists' Ethnoveterinary Knowledge in the Far North Region of Cameroon Moritz, Mark; Ewing, Daniel; Garabed, Rebecca B.
2013|Pet bylaws and posthumanist health promotion: a case study of urban policy Rock, Melanie
2009|Study of indicators of prescription, drug interactions and classification of risk to the fetus in pregnant requirements of the city of Mirassol - Sao Paulo Furini, A. A. C.; Gomes, A. M.; Silva, C. O.; Vieira, J. K. G.; Silva, V. P.; Atique, T. S. C.
2016|Survey of veterinary antimicrobial prescribing practices, Washington State 2015 Fowler, H.; Davis, M. A.; Perkins, A.; Trufan, S.; Joy, C.; Buswell, M.; McElwain, T. F.; Moore, D.; Worhle, R.; Rabinowitz, P. M.
2017|A system dynamics approach to understanding the One Health concept Xie, Tai; Liu, Wenbao; Anderson, Benjamin D.; Liu, Xiaorong; Gray, Gregory C.
2017|Frequency of and factors associated with non-prescribed medication of pre-school children in Athens, Greece Andritsou, F.; Benetou, V.; Michail, K.; Pantazis, N.; Giannakopoulou, M.; Pavlopoulou, I.
2009|The Animal as Surgical Patient: a Historical Perspective in the 20(th) Century Gardiner, Andrew
2017|Posthumanist critique and human health: how nonhumans (could) figure in public health research Friese, Carrie; Nuyts, Nathalie
2014|The benefits of 'One Health' for pastoralists in Africa Greter, Helena; Jean-Richard, Vreni; Crump, Lisa; Bechir, Mahamat; Alfaroukh, Idriss O.; Schelling, Esther; Bonfoh, Bassirou; Zinsstag, Jakob
2008|A new approach to teaching veterinary public health at the Ohio State University Hoet, Armando E.; Caswell, Robert J.; DeGraves, Fred J.; Rajala-Schultz, Paivi J.; Gebreyes, Wondwossen A.; Saville, William J. A.; Wittum, Thomas E.
2007|Comparative pathology of mammary gland cancers in domestic and wild animals. Munson, Linda; Moresco, Anneke
2017|The UK Pharmacy Care Plan service: Description, recruitment and initial views on a new community pharmacy intervention Twigg, Michael J; Wright, David; Kirkdale, Charlotte L; Desborough, James A; Thornley, Tracey
2016|A One Health overview, facilitating advances in comparative medicine and translational research. Stroud, Cheryl; Dmitriev, Igor; Kashentseva, Elena; Bryan, Jeffrey N; Curiel, David T; Rindt, Hans; Reinero, Carol; Henry, Carolyn J; Bergman, Philip J; Mason, Nicola J; Gnanandarajah, Josephine S; Engiles, Julie B; Gray, Falon; Laughlin, Danielle; Gaurnier-Hausser, Anita; Wallecha, Anu; Huebner, Margie; Paterson, Yvonne; O'Connor, Daniel; Treml, Laura S; Stannard, James P; Cook, James L; Jacobs, Marc; Wyckoff, Gerald J; Likins, Lee; Sabbagh, Ubadah; Skaff, Andrew; Guloy, Amado S; Hays, Harlen D; LeBlanc, Amy K; Coates, Joan R; Katz, Martin L; Lyons, Leslie A; Johnson, Gayle C; Johnson, Gary S; O'Brien, Dennis P; Duan, Dongsheng; Calvet, James P; Gandolfi, Barbara; Baron, David A; Weiss, Mark L; Webster, Debra A; Karanu, Francis N; Robb, Edward J; Harman, Robert J
2002|[Follow-up study of quality of life and treatment of eating disorder: dynamics of the depressive and anxiety symptoms]. Banas, Anna; Januszkiewicz-Grabias, Aloiza; Radziwillowicz, Piotr; Smoczynski, Stefan
2016|Patients' knowledge and attitude towards therapeutic reference pricing system in Slovenia Mardetko, Nika; Kos, Mitja
2013|A Review of Simulation Modelling Approaches Used for the Spread of Zoonotic Influenza Viruses in Animal and Human Populations Dorjee, S.; Poljak, Z.; Revie, C. W.; Bridgland, J.; McNab, B.; Leger, E.; Sanchez, J.
2011|Veterinary syndromic surveillance: Current initiatives and potential for development Dorea, Fernanda C.; Sanchez, Javier; Revie, Crawford W.
2017|Use of medical services and medicines attributable to type 2 diabetes care in Yaounde, Cameroon: a cross-sectional study Mapa-Tassou, Clarisse; Fezeu, Leopold K.; Njoumemi, Zakariaou; Lontchi-Yimagou, Eric; Sobngwi, Eugene; Mbanya, Jean Claude
2009|The use of medicines by pregnant women who receive care in Brazilian Universal Healthcare System Castanho Sabaini de Melo, Simone Cristina; Pelloso, Sandra Marisa; de Barros Carvalho, Maria Dalva; Batista de Oliveira, Nelson Luiz
2013|Off-label medicine use in children and adolescents: results of a population-based study in Germany Knopf, Hildtraud; Wolf, Ingrid-Katharina; Sarganas, Giselle; Zhuang, Wanli; Rascher, Wolfgang; Neubert, Antje
2016|Efficacy and safety of weekly leflunomide for the treatment of early rheumatoid arthritis: a randomized, multi-center study Ren, Li-Min; Li, Ru; Chen, Li-Na; Zhu, Ping; Gu, Fei; Sun, Ling-Yun; Zhao, Jin-Xia; Liu, Xiang-Yuan; Guo, Jia-Long; Bi, Li-Qi; Hao, Yan-Jie; Zhang, Zhuo-Li; Mei, Yi-Fang; Zhang, Zhi-Yi; Liu, Hua-Xiang; Li, Xing-Fu; Luo, Yan; Fang, Yong-Fei; Li, Zhan-Guo; Su, Yin
2016|Impact of a community pharmacist-led medication review on medicines use in patients on polypharmacy - a prospective randomised controlled trial Messerli, Markus; Blozik, Eva; Vriends, Noortje; Hersberger, Kurt E.
2006|[Adverse drug reactions in patients attending in emergency service]. Machado-Alba, Jorge E; Moncada-Escobar, Juan C
2009|Study of internal consistency and factor structure of three versions of the Zung's rating instrument for anxiety disorders De La Ossa, Susana; Martinez, Yuleima; Herazo, Edwin; Campo, Adalberto
2011|IDENTIFICATION AND TREATMENT OF DEPRESSION IN MINORITY POPULATIONS Dejesus, Stania A.; Diaz, Vanessa A.; Gonsalves, Wanda C.; Carek, Peter J.
2016|Physicians' Perceptions of Radiation Dose Quantity Depend on the Language in Which It Is Expressed Narayan, Anand K.; Brotman, Daniel; Feldman, Leonard S.; Mahesh, Mahadevappa; Lewin, Jonathan; Durand, Daniel
2015|Results of multicenter double-blind placebo-controlled phase II clinical trial of Panagen preparation to evaluate its leukostimulatory activity and formation of the adaptive immune response in patients with stage II-IV breast cancer Proskurina, Anastasia S.; Gvozdeva, Tatiana S.; Alyamkina, Ekaterina A.; Dolgova, Evgenia V.; Orishchenko, Konstantin E.; Nikolin, Valeriy P.; Popova, Nelly A.; Sidorov, Sergey V.; Chernykh, Elena R.; Ostanin, Alexandr A.; Leplina, Olga Y.; Dvornichenko, Victoria V.; Ponomarenko, Dmitriy M.; Soldatova, Galina S.; Varaksin, Nikolay A.; Ryabicheva, Tatiana G.; Zagrebelniy, Stanislav N.; Rogachev, Vladimir A.; Bogachev, Sergey S.; Shurdov, Mikhail A.
2016|'Tipping the Balance': Karl Friedrich Meyer, Latent Infections, and the Birth of Modern Ideas of Disease Ecology Honigsbaum, Mark
2015|More than one world, more than one health: Re-configuring interspecies health Hinchliffe, Steve
2011|All creatures great and small: regulatory T cells in mice, humans, dogs and other domestic animal species Garden, O. A.; Pinheiro, D.; Cunningham, F.
2007|Prevalence and determinants of medication during pregnancy by risk class among mothers of liveborn infants Consalter Geib, Lorena Teresinha; Vargas Filho, Edson Fauth; Geib, Debora; Mesquita, Debora Lasmin; Nunes, Magda Lahorgue
1992|ASSESSING THE USE OF MEDICATIONS IN THE ELDERLY - METHODS AND INITIAL EXPERIENCE IN THE CARDIOVASCULAR HEALTH STUDY PSATY, BM; LEE, M; SAVAGE, PJ; RUTAN, GH; GERMAN, PS; LYLES, M
2006|Practice parameter: Treatment of Parkinson disease with motor fluctuations and dyskinesia (an evidence-based review) Report of the Quality Standards Subcommittee of the American Academy of Neurology Pahwa, R; Factor, SA; Lyons, KE; Ondo, WG; Gronseth, G; Bronte-Stewart, H; Hallett, M; Miyasaki, J; Stevens, J; Weiner, WJ
2000|Health care utilization and medication intake in the elderly in Germany Hessel, A.; Gunzelmann, T.; Geyer, M.; Braehler, E.
2017|SelfMED: Self-Administration of Medication in Hospital: A Prevalence Study in Flanders, Belgium Vanwesemael, Toke; Van Rompaey, Bart; Petrovic, Mirko; Boussery, Koen; Dilles, Tinne
2016|Access to medicines for chronic diseases in Brazil: a multidimensional approach Oliveira, Maria Auxiliadora; Luiza, Vera Lucia; Leao Tavares, Noemia Urruth; Mengue, Sotero Serrate; Dourado Arrais, Paulo Sergio; Farias, Mareni Rocha; Dal Pizzol, Tatiane da Silva; Ramos, Luiz Roberto; Bertoldi, Andrea Damaso
2010|Perceived adverse drug reactions among non-institutionalized children and adolescents in Germany Knopf, Hildtraud; Du, Yong
2013|Trend of National and International Wildlife Disease Control. Yoshikawa, Yasuhiro
2005|Inadequate medication use in older adults Oscanoa, Teodoro J
2011|One Health-One Medicine: unifying human and animal medicine within an evolutionary paradigm Currier, Russell W.; Steele, James H.
2015|Our time is now - how companion animal veterinarians can transform biomedical science Mellanby, R. J.
2015|[The mortality of patients with diabetes mellitus using oral antidiabetic drugs in the Czech Republic decreased over the decade of 2003-2013and came closer to the population average]. Broz, Jan; Honek, Petr; Dusek, Ladislav; Pavlik, Tomas; Kvapil, Milan
2013|Building a Foundation for 'One Health': An Education Strategy for Enhancing and Sustaining National and Regional Capacity in Endemic and Emerging Zoonotic Disease Management Vink, W. D.; McKenzie, Joanna S.; Cogger, Naomi; Borman, Barry; Muellner, Petra
2017|The use of animals as a surveillance tool for monitoring environmental health hazards, human health hazards and bioterrorism Neo, Jacqueline Pei Shan; Tan, Boon Huan
2015|One world, one health? Social science engagements with the one health agenda Craddock, Susan; Hinchliffe, Steve
2011|HUMAN HEALTH HAZARDS OF VETERINARY MEDICATIONS: INFORMATION FOR EMERGENCY DEPARTMENTS Lust, Elaine Blythe; Barthold, Claudia; Malesker, Mark A.; Wichman, Tammy O.
2016|Access to medicines for chronic diseases in Brazil: a multidimensional approach. Oliveira, Maria Auxiliadora; Luiza, Vera Lucia; Tavares, Noemia Urruth Leao; Mengue, Sotero Serrate; Arrais, Paulo Sergio Dourado; Farias, Mareni Rocha; Pizzol, Tatiane da Silva Dal; Ramos, Luiz Roberto; Bertoldi, Andrea Damaso
2016|Physical activity, screen time, and use of medicines among adolescents: the 1993 Pelotas (Brazil) birth cohort study Bergmann, Gabriel Gustavo; Bertoldi, Andréa Dâmaso; Mielke, Grégore Iven; Camargo, Aline Lins; Matijasevich, Alicia; Hallal, Pedro Curi
2009|Emerging Infections: A Tribute to the One Medicine, One Health Concept Kahn, R. E.; Clouser, D. F.; Richt, J. A.
2011|One Health in Switzerland: A visionary concept at a crossroads? Meisser, Andrea; Schelling, Esther; Zinsstag, Jakob
2014|Use of medicines by homeless people in Porto, Portugal Gama, Helena; Oliveira, Luis; Pereira, Maria de Lurdes; Azevedo, Ana; Lunet, Nuno
2016|One Health training and research activities in Western Europe Sikkema, Reina; Koopmans, Marion
2017|One Health messaging about bats and rabies: how framing of risks, benefits and attributions can support public health and wildlife conservation goals Lu, Hang; McComas, Katherine A.; Buttke, Danielle E.; Roh, Sungjong; Wild, Margaret A.; Decker, Daniel J.
